<?xml version="1.0" encoding="UTF-8"?>
<BaliMessageLog>
    <Task name="Synthesis">
        <Message>
            <ID>35001786</ID>
            <Severity>1</Severity>
        </Message>
        <Message>
            <ID>35935050</ID>
            <Severity>16</Severity>
            <Dynamic>TRIM9</Dynamic>
        </Message>
        <Message>
            <ID>35935050</ID>
            <Severity>16</Severity>
            <Dynamic>TRIM8</Dynamic>
        </Message>
        <Message>
            <ID>35935050</ID>
            <Severity>16</Severity>
            <Dynamic>TRIM7</Dynamic>
        </Message>
        <Message>
            <ID>35935050</ID>
            <Severity>16</Severity>
            <Dynamic>TRIM6</Dynamic>
        </Message>
        <Message>
            <ID>35935050</ID>
            <Severity>16</Severity>
            <Dynamic>TRIM5</Dynamic>
        </Message>
        <Message>
            <ID>35935050</ID>
            <Severity>16</Severity>
            <Dynamic>TRIM4</Dynamic>
        </Message>
        <Message>
            <ID>35935050</ID>
            <Severity>16</Severity>
            <Dynamic>TRIM3</Dynamic>
        </Message>
        <Message>
            <ID>35935050</ID>
            <Severity>16</Severity>
            <Dynamic>TRIM2</Dynamic>
        </Message>
        <Message>
            <ID>35935050</ID>
            <Severity>16</Severity>
            <Dynamic>TRIM1</Dynamic>
        </Message>
        <Message>
            <ID>35935050</ID>
            <Severity>16</Severity>
            <Dynamic>TRIM0</Dynamic>
        </Message>
        <Message>
            <ID>35935050</ID>
            <Severity>16</Severity>
            <Dynamic>I</Dynamic>
        </Message>
        <Message>
            <ID>35921014</ID>
            <Severity>1</Severity>
            <Dynamic>c:/lscc/radiant/2023.1/ip/pmi/pmi_ice40up.vhd(4): </Dynamic>
            <Dynamic>components</Dynamic>
            <Navigation>c:/lscc/radiant/2023.1/ip/pmi/pmi_ice40up.vhd</Navigation>
            <Navigation>4</Navigation>
        </Message>
        <Message>
            <ID>35921012</ID>
            <Severity>1</Severity>
            <Dynamic>z:/example/source/impl_1/top.vhd(16): </Dynamic>
            <Dynamic>top</Dynamic>
            <Navigation>z:/example/source/impl_1/top.vhd</Navigation>
            <Navigation>16</Navigation>
        </Message>
        <Message>
            <ID>35921010</ID>
            <Severity>1</Severity>
            <Dynamic>z:/example/source/impl_1/top.vhd(25): </Dynamic>
            <Dynamic>synth</Dynamic>
            <Navigation>z:/example/source/impl_1/top.vhd</Navigation>
            <Navigation>25</Navigation>
        </Message>
        <Message>
            <ID>35921012</ID>
            <Severity>1</Severity>
            <Dynamic>z:/example/source/impl_1/uart_tx.vhd(19): </Dynamic>
            <Dynamic>uart_tx</Dynamic>
            <Navigation>z:/example/source/impl_1/uart_tx.vhd</Navigation>
            <Navigation>19</Navigation>
        </Message>
        <Message>
            <ID>35921010</ID>
            <Severity>1</Severity>
            <Dynamic>z:/example/source/impl_1/uart_tx.vhd(30): </Dynamic>
            <Dynamic>synth</Dynamic>
            <Navigation>z:/example/source/impl_1/uart_tx.vhd</Navigation>
            <Navigation>30</Navigation>
        </Message>
        <Message>
            <ID>35921012</ID>
            <Severity>1</Severity>
            <Dynamic>z:/example/source/impl_1/uart_rx.vhd(17): </Dynamic>
            <Dynamic>uart_rx</Dynamic>
            <Navigation>z:/example/source/impl_1/uart_rx.vhd</Navigation>
            <Navigation>17</Navigation>
        </Message>
        <Message>
            <ID>35921010</ID>
            <Severity>1</Severity>
            <Dynamic>z:/example/source/impl_1/uart_rx.vhd(28): </Dynamic>
            <Dynamic>synth</Dynamic>
            <Navigation>z:/example/source/impl_1/uart_rx.vhd</Navigation>
            <Navigation>28</Navigation>
        </Message>
        <Message>
            <ID>35921012</ID>
            <Severity>1</Severity>
            <Dynamic>z:/example/source/impl_1/ram_sampler.vhd(22): </Dynamic>
            <Dynamic>ram_sampler</Dynamic>
            <Navigation>z:/example/source/impl_1/ram_sampler.vhd</Navigation>
            <Navigation>22</Navigation>
        </Message>
        <Message>
            <ID>35921010</ID>
            <Severity>1</Severity>
            <Dynamic>z:/example/source/impl_1/ram_sampler.vhd(41): </Dynamic>
            <Dynamic>synth</Dynamic>
            <Navigation>z:/example/source/impl_1/ram_sampler.vhd</Navigation>
            <Navigation>41</Navigation>
        </Message>
        <Message>
            <ID>35921012</ID>
            <Severity>1</Severity>
            <Dynamic>z:/example/source/impl_1/ramdp.vhd(11): </Dynamic>
            <Dynamic>ramdp</Dynamic>
            <Navigation>z:/example/source/impl_1/ramdp.vhd</Navigation>
            <Navigation>11</Navigation>
        </Message>
        <Message>
            <ID>35921010</ID>
            <Severity>1</Severity>
            <Dynamic>z:/example/source/impl_1/ramdp.vhd(27): </Dynamic>
            <Dynamic>synth</Dynamic>
            <Navigation>z:/example/source/impl_1/ramdp.vhd</Navigation>
            <Navigation>27</Navigation>
        </Message>
        <Message>
            <ID>35921012</ID>
            <Severity>1</Severity>
            <Dynamic>z:/example/source/impl_1/raw_sampler.vhd(19): </Dynamic>
            <Dynamic>raw_sampler</Dynamic>
            <Navigation>z:/example/source/impl_1/raw_sampler.vhd</Navigation>
            <Navigation>19</Navigation>
        </Message>
        <Message>
            <ID>35921010</ID>
            <Severity>1</Severity>
            <Dynamic>z:/example/source/impl_1/raw_sampler.vhd(35): </Dynamic>
            <Dynamic>synth</Dynamic>
            <Navigation>z:/example/source/impl_1/raw_sampler.vhd</Navigation>
            <Navigation>35</Navigation>
        </Message>
        <Message>
            <ID>35929000</ID>
            <Severity>1</Severity>
            <Dynamic>z:/example/source/impl_1/raw_sampler.vhd(81): </Dynamic>
            <Dynamic>reset</Dynamic>
            <Navigation>z:/example/source/impl_1/raw_sampler.vhd</Navigation>
            <Navigation>81</Navigation>
        </Message>
        <Message>
            <ID>35921259</ID>
            <Severity>1</Severity>
            <Dynamic>z:/example/source/impl_1/raw_sampler.vhd(50): </Dynamic>
            <Dynamic>reset</Dynamic>
            <Navigation>z:/example/source/impl_1/raw_sampler.vhd</Navigation>
            <Navigation>50</Navigation>
        </Message>
        <Message>
            <ID>35921012</ID>
            <Severity>1</Severity>
            <Dynamic>z:/example/source/impl_1/mnc.vhd(40): </Dynamic>
            <Dynamic>mnc</Dynamic>
            <Navigation>z:/example/source/impl_1/mnc.vhd</Navigation>
            <Navigation>40</Navigation>
        </Message>
        <Message>
            <ID>35921010</ID>
            <Severity>1</Severity>
            <Dynamic>z:/example/source/impl_1/mnc.vhd(63): </Dynamic>
            <Dynamic>synth</Dynamic>
            <Navigation>z:/example/source/impl_1/mnc.vhd</Navigation>
            <Navigation>63</Navigation>
        </Message>
        <Message>
            <ID>35935049</ID>
            <Severity>16</Severity>
            <Dynamic>reset</Dynamic>
        </Message>
        <Message>
            <ID>35002028</ID>
            <Severity>256</Severity>
            <Dynamic>spi_cs</Dynamic>
        </Message>
        <Message>
            <ID>35935040</ID>
            <Severity>16</Severity>
            <Dynamic>\sampler/ram_sample/tx/tx_data_i0</Dynamic>
            <Dynamic>Zero</Dynamic>
        </Message>
    </Task>
    <Task name="Export">
        <Message>
            <ID>1081100</ID>
            <Severity>1</Severity>
            <Dynamic>Bitstream authenticated.</Dynamic>
        </Message>
        <Message>
            <ID>1191031</ID>
            <Severity>1</Severity>
        </Message>
    </Task>
</BaliMessageLog>