<?xml version="1.0" encoding="UTF-8"?>
<BaliMessageLog>
    <Task name="Export">
        <Message>
            <ID>1081100</ID>
            <Severity>1</Severity>
            <Dynamic>Bitstream authenticated.</Dynamic>
        </Message>
        <Message>
            <ID>1191031</ID>
            <Severity>1</Severity>
        </Message>
    </Task>
    <Task name="Synthesis">
        <Message>
            <ID>35001786</ID>
            <Severity>1</Severity>
        </Message>
        <Message>
            <ID>35935050</ID>
            <Severity>16</Severity>
            <Dynamic>TRIM9</Dynamic>
        </Message>
        <Message>
            <ID>35935050</ID>
            <Severity>16</Severity>
            <Dynamic>TRIM8</Dynamic>
        </Message>
        <Message>
            <ID>35935050</ID>
            <Severity>16</Severity>
            <Dynamic>TRIM7</Dynamic>
        </Message>
        <Message>
            <ID>35935050</ID>
            <Severity>16</Severity>
            <Dynamic>TRIM6</Dynamic>
        </Message>
        <Message>
            <ID>35935050</ID>
            <Severity>16</Severity>
            <Dynamic>TRIM5</Dynamic>
        </Message>
        <Message>
            <ID>35935050</ID>
            <Severity>16</Severity>
            <Dynamic>TRIM4</Dynamic>
        </Message>
        <Message>
            <ID>35935050</ID>
            <Severity>16</Severity>
            <Dynamic>TRIM3</Dynamic>
        </Message>
        <Message>
            <ID>35935050</ID>
            <Severity>16</Severity>
            <Dynamic>TRIM2</Dynamic>
        </Message>
        <Message>
            <ID>35935050</ID>
            <Severity>16</Severity>
            <Dynamic>TRIM1</Dynamic>
        </Message>
        <Message>
            <ID>35935050</ID>
            <Severity>16</Severity>
            <Dynamic>TRIM0</Dynamic>
        </Message>
        <Message>
            <ID>35935050</ID>
            <Severity>16</Severity>
            <Dynamic>I</Dynamic>
        </Message>
        <Message>
            <ID>35921014</ID>
            <Severity>1</Severity>
            <Dynamic>c:/lscc/radiant/2023.1/ip/pmi/pmi_ice40up.vhd(4): </Dynamic>
            <Dynamic>components</Dynamic>
            <Navigation>c:/lscc/radiant/2023.1/ip/pmi/pmi_ice40up.vhd</Navigation>
            <Navigation>4</Navigation>
        </Message>
        <Message>
            <ID>35921012</ID>
            <Severity>1</Severity>
            <Dynamic>z:/macncheese/source/impl_1/uart_tx.vhd(14): </Dynamic>
            <Dynamic>uart_tx</Dynamic>
            <Navigation>z:/macncheese/source/impl_1/uart_tx.vhd</Navigation>
            <Navigation>14</Navigation>
        </Message>
        <Message>
            <ID>35921010</ID>
            <Severity>1</Severity>
            <Dynamic>z:/macncheese/source/impl_1/uart_tx.vhd(25): </Dynamic>
            <Dynamic>synth</Dynamic>
            <Navigation>z:/macncheese/source/impl_1/uart_tx.vhd</Navigation>
            <Navigation>25</Navigation>
        </Message>
        <Message>
            <ID>35921012</ID>
            <Severity>1</Severity>
            <Dynamic>z:/macncheese/source/impl_1/uart_rx.vhd(7): </Dynamic>
            <Dynamic>uart_rx</Dynamic>
            <Navigation>z:/macncheese/source/impl_1/uart_rx.vhd</Navigation>
            <Navigation>7</Navigation>
        </Message>
        <Message>
            <ID>35921010</ID>
            <Severity>1</Severity>
            <Dynamic>z:/macncheese/source/impl_1/uart_rx.vhd(17): </Dynamic>
            <Dynamic>synth</Dynamic>
            <Navigation>z:/macncheese/source/impl_1/uart_rx.vhd</Navigation>
            <Navigation>17</Navigation>
        </Message>
        <Message>
            <ID>35921012</ID>
            <Severity>1</Severity>
            <Dynamic>z:/macncheese/source/impl_1/top.vhd(6): </Dynamic>
            <Dynamic>top</Dynamic>
            <Navigation>z:/macncheese/source/impl_1/top.vhd</Navigation>
            <Navigation>6</Navigation>
        </Message>
        <Message>
            <ID>35921010</ID>
            <Severity>1</Severity>
            <Dynamic>z:/macncheese/source/impl_1/top.vhd(28): </Dynamic>
            <Dynamic>synth</Dynamic>
            <Navigation>z:/macncheese/source/impl_1/top.vhd</Navigation>
            <Navigation>28</Navigation>
        </Message>
        <Message>
            <ID>35921012</ID>
            <Severity>1</Severity>
            <Dynamic>z:/macncheese/source/impl_1/ram_sampler.vhd(8): </Dynamic>
            <Dynamic>ram_sampler</Dynamic>
            <Navigation>z:/macncheese/source/impl_1/ram_sampler.vhd</Navigation>
            <Navigation>8</Navigation>
        </Message>
        <Message>
            <ID>35921010</ID>
            <Severity>1</Severity>
            <Dynamic>z:/macncheese/source/impl_1/ram_sampler.vhd(27): </Dynamic>
            <Dynamic>synth</Dynamic>
            <Navigation>z:/macncheese/source/impl_1/ram_sampler.vhd</Navigation>
            <Navigation>27</Navigation>
        </Message>
        <Message>
            <ID>35921012</ID>
            <Severity>1</Severity>
            <Dynamic>z:/macncheese/source/impl_1/ramdp.vhd(9): </Dynamic>
            <Dynamic>ramdp</Dynamic>
            <Navigation>z:/macncheese/source/impl_1/ramdp.vhd</Navigation>
            <Navigation>9</Navigation>
        </Message>
        <Message>
            <ID>35921010</ID>
            <Severity>1</Severity>
            <Dynamic>z:/macncheese/source/impl_1/ramdp.vhd(25): </Dynamic>
            <Dynamic>synth</Dynamic>
            <Navigation>z:/macncheese/source/impl_1/ramdp.vhd</Navigation>
            <Navigation>25</Navigation>
        </Message>
        <Message>
            <ID>35921012</ID>
            <Severity>1</Severity>
            <Dynamic>z:/macncheese/source/impl_1/raw_sampler.vhd(8): </Dynamic>
            <Dynamic>raw_sampler</Dynamic>
            <Navigation>z:/macncheese/source/impl_1/raw_sampler.vhd</Navigation>
            <Navigation>8</Navigation>
        </Message>
        <Message>
            <ID>35921010</ID>
            <Severity>1</Severity>
            <Dynamic>z:/macncheese/source/impl_1/raw_sampler.vhd(24): </Dynamic>
            <Dynamic>synth</Dynamic>
            <Navigation>z:/macncheese/source/impl_1/raw_sampler.vhd</Navigation>
            <Navigation>24</Navigation>
        </Message>
        <Message>
            <ID>35935049</ID>
            <Severity>16</Severity>
            <Dynamic>reset</Dynamic>
        </Message>
        <Message>
            <ID>35935049</ID>
            <Severity>16</Severity>
            <Dynamic>reset</Dynamic>
        </Message>
        <Message>
            <ID>35002028</ID>
            <Severity>256</Severity>
            <Dynamic>clk_out</Dynamic>
        </Message>
        <Message>
            <ID>35002028</ID>
            <Severity>256</Severity>
            <Dynamic>spi_cs</Dynamic>
        </Message>
        <Message>
            <ID>35935040</ID>
            <Severity>16</Severity>
            <Dynamic>\raw_sample/tx/flag</Dynamic>
            <Dynamic>Zero</Dynamic>
        </Message>
        <Message>
            <ID>35935040</ID>
            <Severity>16</Severity>
            <Dynamic>\raw_sample/tx/clk_23</Dynamic>
            <Dynamic>Zero</Dynamic>
        </Message>
        <Message>
            <ID>35935040</ID>
            <Severity>16</Severity>
            <Dynamic>\raw_sample/tx/writeable</Dynamic>
            <Dynamic>Zero</Dynamic>
        </Message>
        <Message>
            <ID>35935040</ID>
            <Severity>16</Severity>
            <Dynamic>\raw_sample/rx/flag</Dynamic>
            <Dynamic>Zero</Dynamic>
        </Message>
        <Message>
            <ID>35935040</ID>
            <Severity>16</Severity>
            <Dynamic>\raw_sample/init</Dynamic>
            <Dynamic>Zero</Dynamic>
        </Message>
        <Message>
            <ID>35935040</ID>
            <Severity>16</Severity>
            <Dynamic>\raw_sample/en</Dynamic>
            <Dynamic>Zero</Dynamic>
        </Message>
        <Message>
            <ID>35935040</ID>
            <Severity>16</Severity>
            <Dynamic>\ram_sample/tx/tx_data_i0</Dynamic>
            <Dynamic>Zero</Dynamic>
        </Message>
    </Task>
</BaliMessageLog>